,total_clicks,avg_score
Media,1479.033412082349,59.64843023348571
Mediana,758.0,71.2
Desv. Estándar,2011.390856041534,31.335383028533478
Asimetría (Skewness),3.2025975246001117,-1.0460094390694097
Curtosis (Kurtosis),18.125727932856563,-0.33317224654579425
